,season,yr,mnth,holiday,weekday,workingday,weathersit,temp,atemp,hum,windspeed(mph),windspeed(ms),cnt
0,1,No,January,No,Saturday,No,2,14.110847,18.18125,80.5833,10.749882000000001,4.80549038891,985
1,1,No,January,No,Sunday,No,2,14.902598000000001,17.68695,69.6087,16.652113,7.443948591860001,801
2,1,No,January,No,Monday,Yes,1,8.050924,9.47025,43.7273,16.636703,7.43705990165,1349
3,1,No,January,No,Tuesday,Yes,1,8.2,10.6061,59.0435,10.739832,4.80099776486,1562
4,1,No,January,No,Wednesday,Yes,1,9.305237,11.4635,43.6957,12.5223,5.5978095663800005,1600
5,1,No,January,No,Thursday,Yes,1,8.378267999999998,11.66045,51.8261,6.0008684,2.6825518104599997,1606
6,1,No,January,No,Friday,Yes,2,8.057402,10.44195,49.8696,11.304642,5.05348323648,1510
7,1,No,January,No,Saturday,No,2,6.765,8.1127,53.5833,17.875868,7.991000447030001,959
8,1,No,January,No,Sunday,No,1,5.671653,5.80875,43.4167,24.25065,10.840701832799999,822
9,1,No,January,No,Monday,Yes,1,6.184153,7.5444,48.2917,14.958889000000001,6.6870312919099995,1321
10,1,No,January,No,Tuesday,Yes,2,6.9327309999999995,9.5732,68.6364,8.182844000000001,3.6579544032199998,1263
11,1,No,January,No,Wednesday,Yes,1,7.081807,8.02365,59.9545,20.410009,9.123830576669999,1162
12,1,No,January,No,Thursday,Yes,1,6.765,7.54415,47.0417,20.167,9.015198927130001,1406
13,1,No,January,No,Friday,Yes,1,6.59567,9.42065,53.7826,8.478716,3.79021725525,1421
14,1,No,January,No,Saturday,No,2,9.566653,12.4056,49.875,10.583521000000001,4.73112248547,1248
15,1,No,January,No,Sunday,No,1,9.498347,11.71085,48.375,12.625011,5.64372418418,1204
16,1,No,January,Yes,Monday,No,2,7.209153,8.83855,53.75,12.999139,5.81096960215,1000
17,1,No,January,No,Tuesday,Yes,2,8.883347,11.61665,86.1667,9.833925,4.39603263299,683
18,1,No,January,No,Wednesday,Yes,2,11.979134,14.9211,74.1739,13.957239000000001,6.2392664282500006,1650
19,1,No,January,No,Thursday,Yes,2,10.728347,12.7525,53.8333,13.125568,5.8674868127,1927
20,1,No,January,No,Friday,Yes,1,7.2775,7.89165,45.7083,23.667214,10.5798900313,1543
21,1,No,January,No,Saturday,No,1,2.4243464,3.9534800000000003,40.0,11.521989999999999,5.15064371927,981
22,1,No,January,No,Sunday,No,1,3.9573897000000002,4.941955,43.6522,16.5222,7.3858739383100005,986
23,1,No,January,No,Monday,Yes,1,3.9930432999999996,5.8965,49.1739,10.60811,4.74211443898,1416
24,1,No,January,No,Tuesday,Yes,2,9.162598,11.7263,61.6957,8.696332,3.8874975413499997,1985
25,1,No,January,No,Wednesday,Yes,3,8.9175,10.18,86.25,19.68795,8.80105051408,506
26,1,No,January,No,Thursday,Yes,1,7.995,10.985,68.75,7.627078999999999,3.4095122932499997,431
27,1,No,January,No,Friday,Yes,2,8.342597999999999,11.16585,79.3043,8.2611,3.6929369691600002,1167
28,1,No,January,No,Saturday,No,1,8.057402,10.6063,65.1739,9.739455,4.35380196692,1098
29,1,No,January,No,Sunday,No,1,8.877402,12.5161,72.2174,4.9568342,2.21584005364,1096
30,1,No,January,No,Monday,Yes,2,7.414153,9.3125,60.375,12.541864,5.60655520787,1501
31,1,No,Febuary,No,Tuesday,Yes,2,7.879134,11.7265,82.9565,3.565271,1.5937733571700001,1360
32,1,No,Febuary,No,Wednesday,Yes,2,10.66,12.72085,77.5417,17.708636,7.91624318283,1526
33,1,No,Febuary,No,Thursday,Yes,1,7.665236999999999,8.8939,43.7826,18.609384,8.31890210103,1550
34,1,No,Febuary,No,Friday,Yes,2,8.663464,11.42935,58.5217,8.565213,3.8288837729100003,1708
35,1,No,Febuary,No,Saturday,No,2,9.566653,12.1529,92.9167,10.792292999999999,4.82444926241,1005
36,1,No,Febuary,No,Sunday,No,1,11.719153,14.58355,56.8333,9.5006,4.24702726866,1623
37,1,No,Febuary,No,Monday,Yes,1,11.138347,15.1829,73.8333,3.0423561,1.36001613768,1712
38,1,No,Febuary,No,Tuesday,Yes,1,9.054153,9.9123,53.7917,24.25065,10.840701832799999,1530
39,1,No,Febuary,No,Wednesday,Yes,2,5.526103,7.21415,49.4783,12.652213,5.65588421994,1605
40,1,No,Febuary,No,Thursday,Yes,1,5.918268,7.4774,43.7391,14.869645000000002,6.64713679034,1538
41,1,No,Febuary,No,Friday,Yes,1,7.752731,10.67545,50.6364,7.27285,3.2511622708999997,1746
42,1,No,Febuary,No,Saturday,No,1,9.1225,11.6477,54.4167,13.625589000000002,6.0910098346,1472
43,1,No,Febuary,No,Sunday,No,1,12.977402,16.20565,45.7391,17.479160999999998,7.813661600360001,1589
44,1,No,Febuary,No,Monday,Yes,1,17.015,19.9175,37.5833,27.999836,12.5166902101,1913
45,1,No,Febuary,No,Tuesday,Yes,1,10.909567,12.7137,31.4348,19.522057999999998,8.72689226643,1815
46,1,No,Febuary,No,Wednesday,Yes,1,13.048701,15.81,42.3478,16.869997,7.54134868127,2115
47,1,No,Febuary,No,Thursday,Yes,1,17.869153,21.4329,50.5,15.416967999999999,6.891805096110001,2475
48,1,No,Febuary,No,Friday,Yes,1,21.388347,25.59915,51.6667,17.749975,7.9347228430899985,2927
49,1,No,Febuary,No,Saturday,No,1,16.365847,19.5702,18.7917,34.000021000000004,15.1989365221,1635
50,1,No,Febuary,No,Sunday,No,1,11.693897,13.8665,40.7826,14.956745000000002,6.68607286544,1812
51,1,No,Febuary,Yes,Monday,No,2,12.436653,14.20375,60.5,20.625682,9.22024228878,1107
52,1,No,Febuary,No,Tuesday,Yes,1,7.471102,9.30165,57.7778,13.110760999999998,5.86086767993,1450
53,1,No,Febuary,No,Wednesday,Yes,1,9.091299000000001,12.28585,42.3043,6.305571,2.81876218149,1917
54,1,No,Febuary,No,Thursday,Yes,2,12.121732000000002,14.45955,69.7391,16.783232,7.5025623603,1807
55,1,No,Febuary,No,Friday,Yes,2,14.938267999999999,17.52305,71.2174,23.218113,10.3791296379,1461
56,1,No,Febuary,No,Saturday,No,1,11.5825,14.1096,53.7917,12.500257000000001,5.587955744299999,1969
57,1,No,Febuary,No,Sunday,No,1,14.082598,17.55545,68.0,8.391616,3.75128118015,2402
58,1,No,Febuary,No,Monday,Yes,2,16.698193,20.0059,87.6364,19.408962,8.67633527045,1446
59,1,No,March,No,Tuesday,Yes,1,10.933347,13.19395,53.5,14.500475,6.48210773357,1851
60,1,No,March,No,Wednesday,Yes,1,13.735,16.00355,44.9583,20.624810999999998,9.219852928029999,2134
61,1,No,March,No,Thursday,Yes,1,8.131653,10.00665,31.8333,15.125518,6.76151899866,1685
62,1,No,March,No,Friday,Yes,2,10.728347,12.78395,61.0417,13.624182000000001,6.09038086723,1944
63,1,No,March,No,Saturday,No,2,15.750847,18.93895,78.9167,16.875357,7.54374474743,2077
64,1,No,March,No,Sunday,No,2,15.437401999999999,18.3126,94.8261,23.000229,10.2817295485,605
65,1,No,March,No,Monday,Yes,1,10.731299,11.92305,55.1304,22.870584,10.2237746983,1872
66,1,No,March,No,Tuesday,Yes,1,11.9925,15.12,42.0833,8.08355,3.6135672776,2133
67,1,No,March,No,Wednesday,Yes,2,12.129153,14.3304,77.5417,14.75005,6.59367456415,1891
68,1,No,March,No,Thursday,Yes,3,15.952731,19.2834,0.0,17.545759,7.8434327224,623
69,1,No,March,No,Friday,Yes,2,12.977402,15.25,64.9565,15.608989999999999,6.977644166289999,1977
70,1,No,March,No,Saturday,No,1,13.495847,16.2875,59.4583,14.791925,6.61239383102,2132
71,1,No,March,No,Sunday,No,1,15.758268,19.00455,52.7391,18.130468,8.10481358963,2417
72,1,No,March,No,Monday,Yes,1,13.333897,16.6,49.6957,9.174042,4.1010469378600005,2046
73,1,No,March,No,Tuesday,Yes,2,13.013031,15.9089,65.5652,12.348703,5.520206973630001,2056
74,1,No,March,No,Wednesday,Yes,2,14.973897000000001,18.3465,77.6522,13.608839000000001,6.083522127849999,2192
75,1,No,March,No,Thursday,Yes,1,17.015,20.51665,60.2917,14.041792999999998,6.277064371930001,2744
76,1,No,March,No,Friday,Yes,1,22.14,26.35045,52.5217,15.478139,6.919150201160001,3239
77,1,No,March,No,Saturday,No,1,19.3725,23.32625,37.9167,24.667189,11.0269061243,3117
78,1,No,March,No,Sunday,No,1,13.6325,16.2875,47.375,13.917307000000001,6.22141573536,2471
79,2,No,March,No,Monday,Yes,2,17.647835,20.48675,73.7391,19.348461,8.64928967367,2077
80,2,No,March,No,Tuesday,Yes,1,18.108347,22.0321,62.4583,15.12525,6.761399195349999,2703
81,2,No,March,No,Wednesday,Yes,2,14.225237,16.89695,83.9565,15.695487,7.01631068395,2121
82,2,No,March,No,Thursday,Yes,2,11.685,13.54165,80.5833,16.333729,7.301622261960001,1865
83,2,No,March,No,Friday,Yes,1,10.830847,12.8156,49.5,15.458575,6.910404559680001,2210
84,2,No,March,No,Saturday,No,1,10.899153,12.87855,39.4167,14.041257,6.27682476531,2496
85,2,No,March,No,Sunday,No,2,10.374763,12.51695,49.3913,12.3481,5.51993741618,1693
86,2,No,March,No,Monday,Yes,1,10.838268,12.8787,30.2174,14.217668,6.3556852928,2028
87,2,No,March,No,Tuesday,Yes,1,12.4025,14.6454,31.4167,15.208732000000001,6.79871792579,2425
88,2,No,March,No,Wednesday,Yes,2,12.3,14.8675,64.6667,11.583496,5.1781385784500005,1536
89,2,No,March,No,Thursday,Yes,3,11.001653,12.87875,91.8333,14.582282000000001,6.51867769334,1685
90,2,No,April,No,Friday,Yes,2,12.3,14.1727,68.625,17.333436,7.74851855163,2227
91,2,No,April,No,Saturday,No,2,12.915,15.78185,65.375,13.208782000000001,5.904685739830001,2252
92,2,No,April,No,Sunday,No,1,15.511652999999999,18.93835,48.0,12.208271,5.45743004023,3249
93,2,No,April,No,Monday,Yes,1,23.506653,27.14645,42.625,25.833257,11.5481703174,3115
94,2,No,April,No,Tuesday,Yes,2,16.980847,19.9175,64.2083,26.000489,11.6229275816,1795
95,2,No,April,No,Wednesday,Yes,1,16.024153,19.3804,47.0833,17.625221,7.87895440322,2808
96,2,No,April,No,Thursday,Yes,1,17.9375,21.6848,60.2917,10.874903999999999,4.8613786321,3141
97,2,No,April,No,Friday,Yes,2,13.769153,16.22395,83.625,15.208464000000001,6.7985981224900005,1471
98,2,No,April,No,Saturday,No,2,14.0425,17.07645,87.75,8.916561,3.9859459097000003,2455
99,2,No,April,No,Sunday,No,2,17.493347,21.33685,85.75,9.833389,4.39579302637,2895
100,2,No,April,No,Monday,Yes,2,24.421732000000002,28.26085,71.6956,21.739758,9.71826464014,3348
101,2,No,April,No,Tuesday,Yes,2,20.6025,24.6527,73.9167,18.416892999999998,8.232853375060001,2034
102,2,No,April,No,Wednesday,Yes,2,16.9125,20.86415,81.9167,16.791339,7.50618641037,2162
103,2,No,April,No,Thursday,Yes,1,19.1675,23.1371,54.0417,7.4169,3.3155565489499996,3267
104,2,No,April,Yes,Friday,No,1,18.313347,22.09565,67.125,15.167125,6.780118462230001,3126
105,2,No,April,No,Saturday,No,3,17.664153,21.2746,88.8333,22.834135999999997,10.207481448400001,795
106,2,No,April,No,Sunday,No,1,18.723347,22.2848,47.9583,20.334232,9.08995619133,3744
107,2,No,April,No,Monday,Yes,1,21.0125,25.1573,54.25,10.958989,4.89896691998,3429
108,2,No,April,No,Tuesday,Yes,2,20.739152999999998,24.4629,66.5833,10.584057000000001,4.7313620920899995,3204
109,2,No,April,No,Wednesday,Yes,1,24.395,28.2196,61.4167,16.208975,7.245853822080001,3944
110,2,No,April,No,Thursday,Yes,1,18.825847,22.6946,40.7083,21.792285999999997,9.74174608851,4189
111,2,No,April,No,Friday,Yes,2,13.803347,16.0977,72.9583,14.707907,6.574835493969999,1683
112,2,No,April,No,Saturday,No,2,18.86,22.50605,88.7917,15.458575,6.910404559680001,4036
113,2,No,April,No,Sunday,No,2,23.848347,27.58815,81.0833,12.875725,5.75580017881,4191
114,2,No,April,No,Monday,Yes,1,24.873347,28.725,77.6667,12.417311,5.5508766204699995,4073
115,2,No,April,No,Tuesday,Yes,1,25.898347,29.70415,72.9167,21.8755,9.77894501565,4400
116,2,No,April,No,Wednesday,Yes,2,25.42,28.7571,83.5417,20.9174,9.35064818954,3872
117,2,No,April,No,Thursday,Yes,2,25.3175,28.94645,70.0833,21.500836,9.61145999106,4058
118,2,No,April,No,Friday,Yes,1,20.91,24.87315,45.7083,16.084221,7.19008538221,4595
119,2,No,April,No,Saturday,No,1,19.3725,23.20105,50.3333,15.750025,7.040690657130001,5312
120,2,No,MAy,No,Sunday,No,2,18.518347,22.4102,76.2083,7.125717999999999,3.18539025481,3351
121,2,No,MAy,No,Monday,Yes,2,22.515847,26.64165,73.0,12.291418,5.4945990165400005,4401
122,2,No,MAy,No,Tuesday,Yes,2,25.283347,29.10395,69.7083,22.958689,10.2631600358,4451
123,2,No,MAy,No,Wednesday,Yes,2,16.980847,20.2325,73.7083,22.042732,9.85370227984,2633
124,2,No,MAy,No,Thursday,Yes,1,18.825847,22.09585,44.4167,19.791264,8.847234689319999,4433
125,2,No,MAy,No,Friday,Yes,1,19.645847,23.70585,59.0,15.292482000000001,6.83615645954,4608
126,2,No,MAy,No,Saturday,No,1,21.32,25.63105,54.125,10.75015,4.80561019222,4714
127,2,No,MAy,No,Sunday,No,1,21.661653,25.94665,63.1667,5.0007125,2.23545485025,4333
128,2,No,MAy,No,Monday,Yes,1,21.8325,26.2623,58.875,11.792,5.27134555208,4362
129,2,No,MAy,No,Tuesday,Yes,1,21.8325,26.13605,48.9167,7.749957000000001,3.46444210997,4803
130,2,No,MAy,No,Wednesday,Yes,1,22.2425,26.42,63.2917,8.083014,3.6133276709900004,4182
131,2,No,MAy,No,Thursday,Yes,1,21.935,26.16815,74.75,12.707689,5.68068350469,4864
132,2,No,MAy,No,Friday,Yes,2,21.0125,24.715,86.3333,12.041575,5.382912382660001,4105
133,2,No,MAy,No,Saturday,No,2,21.354153,25.03145,92.25,9.04165,4.04186410371,3409
134,2,No,MAy,No,Sunday,No,2,23.0625,26.8,86.7083,10.249592999999999,4.5818475637,4553
135,2,No,MAy,No,Monday,Yes,1,23.6775,27.5256,78.7917,8.500357000000001,3.79989137237,3958
136,2,No,MAy,No,Tuesday,Yes,2,23.028347,26.92645,83.7917,18.582718,8.306981671880001,4123
137,2,No,MAy,No,Wednesday,Yes,2,22.55,26.3579,87.0,13.499964000000002,6.034852033969999,3855
138,2,No,MAy,No,Thursday,Yes,2,21.764153,25.5371,82.9583,7.250271000000001,3.2410688422000002,4575
139,2,No,MAy,No,Friday,Yes,1,22.003347,26.4521,71.9583,8.375871,3.74424273581,4917
140,2,No,MAy,No,Saturday,No,1,24.7025,28.59875,62.6667,8.08355,3.6135672776,5805
141,2,No,MAy,No,Sunday,No,1,24.770847,28.725,74.9583,9.916536,4.43296200268,4660
142,2,No,MAy,No,Monday,Yes,2,25.898347,29.5148,81.0,15.667414,7.00376128744,4274
143,2,No,MAy,No,Tuesday,Yes,2,27.06,30.24065,74.0833,13.875164000000002,6.2025766651800005,4492
144,2,No,MAy,No,Wednesday,Yes,1,27.094153000000002,30.7771,69.625,10.333611,4.6194059007599995,4978
145,2,No,MAy,No,Thursday,Yes,1,29.041653000000004,32.7344,67.75,13.376014000000001,5.979443004019999,4677
146,2,No,MAy,No,Friday,Yes,1,27.948347,31.8504,65.375,16.125493,7.208535091639999,4679
147,2,No,MAy,No,Saturday,No,1,26.889153000000004,30.61895,72.9583,15.416164000000002,6.89144568619,4758
148,2,No,MAy,No,Sunday,No,1,27.3675,30.7775,81.875,14.333846,6.407620026819999,4788
149,2,No,MAy,Yes,Monday,No,1,30.066653000000002,33.5546,68.5,8.792075,3.9302972731300003,4098
150,2,No,MAy,No,Tuesday,Yes,1,31.775,36.26915,63.6667,7.459042999999999,3.33439561913,3982
151,2,No,June,No,Wednesday,Yes,2,31.330847,36.04835,67.7083,13.875164000000002,6.2025766651800005,3974
152,2,No,June,No,Thursday,Yes,1,29.315,32.1971,30.5,19.583229,8.75423737148,4968
153,2,No,June,No,Friday,Yes,1,25.42,29.35665,35.4167,16.959107,7.58118328118,5312
154,2,No,June,No,Saturday,No,1,26.035,29.7348,45.625,8.250514,3.6882047384900005,5342
155,2,No,June,No,Sunday,No,2,26.581653000000003,30.8402,65.25,9.292364,4.15394009835,4906
156,2,No,June,No,Monday,Yes,1,27.811653000000003,31.0929,60.0,8.167032,3.65088600805,4548
157,2,No,June,No,Tuesday,Yes,1,29.0075,32.7975,59.7917,12.583136,5.6250049173,4833
158,2,No,June,No,Wednesday,Yes,1,31.809153000000002,36.36395,62.2083,9.166739,4.097782297719999,4401
159,2,No,June,No,Thursday,Yes,2,33.141653000000005,37.87895,56.8333,10.042161,4.4891198033099995,3915
160,2,No,June,No,Friday,Yes,1,30.955,35.1646,60.5,9.417117999999999,4.209708538219999,4586
161,2,No,June,No,Saturday,No,1,29.725,33.9019,65.4583,10.37495,4.63788556102,4966
162,2,No,June,No,Sunday,No,1,28.3925,32.16625,74.7917,10.958989,4.89896691998,4460
163,2,No,June,No,Monday,Yes,1,26.035,30.0827,49.4583,20.45845,9.14548502459,5020
164,2,No,June,No,Tuesday,Yes,1,24.770847,29.5773,50.7083,18.041960999999997,8.065248547160001,4891
165,2,No,June,No,Wednesday,Yes,1,25.693347,29.3877,47.1667,11.250103999999999,5.0291032633,5180
166,2,No,June,No,Thursday,Yes,2,25.761653,29.7673,68.8333,13.833557,6.18397720161,3767
167,2,No,June,No,Friday,Yes,1,26.615847,30.01915,73.5833,9.582942999999998,4.28383683505,4844
168,2,No,June,No,Saturday,No,1,28.563346999999997,32.1977,67.0417,8.000336,3.57636835047,5119
169,2,No,June,No,Sunday,No,2,28.665846999999996,32.2923,66.6667,6.834,3.0549843540499997,4744
170,2,No,June,No,Monday,Yes,2,26.035,29.7673,74.625,10.416825,4.656604827890001,4010
171,3,No,June,No,Tuesday,Yes,2,27.914153000000002,31.8823,77.0417,11.458675,5.12234018775,4835
172,3,No,June,No,Wednesday,Yes,1,30.066653000000002,34.69145,70.75,11.541554,5.15938936075,4507
173,3,No,June,No,Thursday,Yes,2,29.861653000000004,34.69165,70.3333,15.999868,7.1523772910100005,4790
174,3,No,June,No,Friday,Yes,1,29.690846999999998,32.82915,57.3333,14.875675,6.64983236477,4991
175,3,No,June,No,Saturday,No,1,28.495,32.16565,48.3333,14.041257,6.27682476531,5202
176,3,No,June,No,Sunday,No,1,27.88,31.88145,51.3333,6.3337311,2.83135051408,5305
177,3,No,June,No,Monday,Yes,2,27.9825,31.8502,65.8333,7.2083960000000005,3.22234957532,4708
178,3,No,June,No,Tuesday,Yes,1,30.510847,34.6279,63.4167,9.666961,4.32139517211,4648
179,3,No,June,No,Wednesday,Yes,1,29.861653000000004,32.7344,49.7917,17.542007,7.84175547608,5225
180,3,No,June,No,Thursday,Yes,1,28.563346999999997,31.8504,43.4167,12.415904,5.55024765311,5515
181,3,No,July,No,Friday,Yes,1,29.6225,32.6081,39.625,6.874736,3.07319445686,5362
182,3,No,July,No,Saturday,No,1,30.271653000000004,33.3654,44.4583,7.709153999999999,3.44620205633,5119
183,3,No,July,No,Sunday,No,2,29.383346999999997,33.42875,68.25,15.333485999999999,6.854486365669999,4649
184,3,No,July,Yes,Monday,No,2,29.793346999999997,33.27085,63.7917,5.4591064000000005,2.44036942333,6043
185,3,No,July,No,Tuesday,Yes,1,30.613346999999997,34.8169,59.0417,8.459286,3.7815315154199998,4665
186,3,No,July,No,Wednesday,Yes,1,29.52,34.28165,74.3333,10.042161,4.4891198033099995,4629
187,3,No,July,No,Thursday,Yes,1,30.75,34.34355,65.125,10.6664,4.768171658469999,4592
188,3,No,July,No,Friday,Yes,2,29.075846999999996,33.52415,75.7917,15.083642999999999,6.74279973178,4040
189,3,No,July,No,Saturday,No,1,30.066653000000002,33.2079,60.9167,11.250103999999999,5.0291032633,5336
190,3,No,July,No,Sunday,No,1,30.6475,34.50125,57.8333,12.292557,5.495108180599999,4881
191,3,No,July,No,Monday,Yes,1,31.2625,36.4902,63.5833,18.916579000000002,8.45622664283,4086
192,3,No,July,No,Tuesday,Yes,1,32.560846999999995,36.96375,55.9167,13.417017999999999,5.99777291015,4258
193,3,No,July,No,Wednesday,Yes,1,30.613346999999997,34.4702,63.1667,9.790911,4.37680420206,4342
194,3,No,July,No,Thursday,Yes,1,27.914153000000002,31.7552,47.625,16.124689,7.208175681719999,5084
195,3,No,July,No,Friday,Yes,1,27.196653,31.21855,59.125,12.249811,5.475999552969999,5538
196,3,No,July,No,Saturday,No,1,28.153346999999997,31.91315,58.5,13.958914000000002,6.24001519893,5923
197,3,No,July,No,Sunday,No,1,29.485846999999996,33.49165,60.4167,16.417210999999998,7.3389409924,5302
198,3,No,July,No,Monday,Yes,1,30.613346999999997,35.19625,65.125,14.458867999999999,6.46350827,4458
199,3,No,July,No,Tuesday,Yes,1,31.843346999999998,37.37395,65.0417,8.7502,3.91157800626,4541
200,3,No,July,No,Wednesday,Yes,1,31.501653000000005,37.3425,70.7083,7.625739,3.40891327671,4332
201,3,No,July,No,Thursday,Yes,2,33.415,41.31855,69.125,14.875407000000001,6.6497125614699995,3784
202,3,No,July,No,Friday,Yes,1,34.781653000000006,42.0448,58.0417,8.9177,3.9864550737599997,3387
203,3,No,July,No,Saturday,No,1,34.815847,40.21435,50.0,8.791807,3.9301774698300003,3285
204,3,No,July,No,Sunday,No,1,34.03,39.74145,55.0833,11.334457,5.06681135449,3606
205,3,No,July,No,Monday,Yes,1,30.476653000000002,36.0479,75.7083,6.0841560999999995,2.7197836835,3840
206,3,No,July,No,Tuesday,Yes,1,31.638346999999996,34.84895,54.0833,13.417285999999999,5.99789271346,4590
207,3,No,July,No,Wednesday,Yes,1,31.775,34.53335,40.2917,12.292021,5.49486857398,4656
208,3,No,July,No,Thursday,Yes,1,31.945846999999997,36.995,58.3333,11.958093,5.34559365221,4390
209,3,No,July,No,Friday,Yes,1,34.371653,39.29835,54.25,11.667246,5.2155771122,3846
210,3,No,July,No,Saturday,No,1,32.970847,36.42685,46.5833,11.291979,5.0478225301699995,4475
211,3,No,July,No,Sunday,No,1,33.039153000000006,36.4898,48.0833,11.042471,4.93628565042,4302
212,3,No,August,No,Monday,Yes,1,31.638346999999996,35.1646,55.0833,10.500039,4.69380375503,4266
213,3,No,August,No,Tuesday,Yes,1,32.116653,35.35355,49.125,13.79195,6.16537773804,4845
214,3,No,August,No,Wednesday,Yes,2,29.998346999999995,33.99685,65.75,9.084061,4.0608229772,3574
215,3,No,August,No,Thursday,Yes,2,29.11,33.2394,75.75,13.20905,5.90480554314,4576
216,3,No,August,No,Friday,Yes,1,29.144153000000003,32.82835,63.0833,12.374632,5.53179794367,4866
217,3,No,August,No,Saturday,No,2,29.383346999999997,33.8077,75.5,15.29275,6.836276262849999,4294
218,3,No,August,No,Sunday,No,1,30.4425,35.7646,75.2917,13.499629,6.034702279839999,3785
219,3,No,August,No,Monday,Yes,1,31.365,35.16415,59.2083,12.875725,5.75580017881,4326
220,3,No,August,No,Tuesday,Yes,1,31.775,36.20605,57.0417,10.125107,4.52619892713,4602
221,3,No,August,No,Wednesday,Yes,1,31.433346999999998,34.24915,42.4167,13.417285999999999,5.99789271346,4780
222,3,No,August,No,Thursday,Yes,1,29.4175,32.57605,42.375,11.041332,4.93577648637,4792
223,3,No,August,No,Friday,Yes,1,29.041653000000004,32.7021,41.5,8.416607,3.76245283862,4905
224,3,No,August,No,Saturday,No,2,28.119153000000004,32.2929,72.9583,14.167418,6.33322217255,4150
225,3,No,August,No,Sunday,No,2,27.743346999999996,31.2194,81.75,14.916410999999998,6.66804246759,3820
226,3,No,August,No,Monday,Yes,1,27.299153000000004,30.80835,71.2083,13.999918,6.25834510505,4338
227,3,No,August,No,Tuesday,Yes,1,28.734153000000003,32.29185,57.8333,15.834043,7.078248994189999,4725
228,3,No,August,No,Wednesday,Yes,1,29.656653000000002,33.33355,57.5417,9.625689,4.302945462669999,4694
229,3,No,August,No,Thursday,Yes,1,29.178347,33.1129,65.4583,15.624935999999998,6.984772463119999,3805
230,3,No,August,No,Friday,Yes,2,28.085,31.66105,72.2917,9.333636,4.17238980778,4153
231,3,No,August,No,Saturday,No,1,28.5975,32.4498,67.4167,6.999289,3.12887304426,5191
232,3,No,August,No,Sunday,No,1,29.144153000000003,33.77625,77.0,16.666518,7.45038801967,3873
233,3,No,August,No,Monday,Yes,1,28.358347,31.9127,47.0,18.54225,8.28889137237,4758
234,3,No,August,No,Tuesday,Yes,1,26.274153000000002,30.30335,45.5417,9.833121,4.39567322307,5895
235,3,No,August,No,Wednesday,Yes,1,27.606653,31.5346,60.5,16.958236,7.58079392043,5130
236,3,No,August,No,Thursday,Yes,2,28.050846999999997,32.2927,77.1667,14.125810999999999,6.314622708990001,3542
237,3,No,August,No,Friday,Yes,1,28.7,32.98665,76.125,5.6254875,2.5147463120299998,4661
238,3,No,August,No,Saturday,No,2,27.88,31.7778,85.0,25.166339,11.2500397854,1115
239,3,No,August,No,Sunday,No,1,28.989419,32.39795,56.1765,20.412153,9.124789003130001,4334
240,3,No,August,No,Monday,Yes,1,26.103347,30.3979,55.4583,10.708275,4.78689092535,4634
241,3,No,August,No,Tuesday,Yes,1,26.205847,29.7352,54.8333,8.375536,3.74409298167,5204
242,3,No,August,No,Wednesday,Yes,1,26.923346999999996,30.55605,59.7917,5.5833311,2.49590125168,5058
243,3,No,September,No,Thursday,Yes,1,26.855,30.74605,63.9167,9.500332,4.2469074653600005,5115
244,3,No,September,No,Friday,Yes,2,26.376653000000005,30.2404,72.7083,9.375243,4.19098927135,4727
245,3,No,September,No,Saturday,No,1,27.435846999999995,31.66065,71.6667,12.416775,5.55063701386,4484
246,3,No,September,No,Sunday,No,1,29.075846999999996,33.27145,74.2083,13.833289,6.183857398300001,4940
247,3,No,September,Yes,Monday,No,2,27.606653,31.2823,79.0417,14.250632000000001,6.37042109969,3351
248,3,No,September,No,Tuesday,Yes,3,22.14,25.76,88.6957,23.044181,10.301377291,2710
249,3,No,September,No,Wednesday,Yes,3,24.565847,27.21145,91.7083,6.5003936,2.9058531962400003,1996
250,3,No,September,No,Thursday,Yes,3,25.990433,27.76805,93.9565,12.914116,5.77296200268,1842
251,3,No,September,No,Friday,Yes,2,26.65,28.9473,89.7917,8.333393,3.72525391149,3544
252,3,No,September,No,Saturday,No,1,27.06,30.3981,75.375,10.291736,4.6006866338800005,5345
253,3,No,September,No,Sunday,No,1,26.786653,30.46145,71.375,7.7086179999999995,3.4459624497099997,5046
254,3,No,September,No,Monday,Yes,1,26.418267999999998,30.1065,69.2174,5.957171,2.6630178810900005,4713
255,3,No,September,No,Tuesday,Yes,1,26.684153000000002,30.1777,71.25,9.500867999999999,4.24714707197,4763
256,3,No,September,No,Wednesday,Yes,1,27.606653,31.345,69.7083,11.2091,5.01077335717,4785
257,3,No,September,No,Thursday,Yes,2,23.6775,27.68355,70.9167,18.166782,8.121046937860001,3659
258,3,No,September,No,Friday,Yes,2,19.235847,23.07375,59.0417,11.000261,4.91741662941,4760
259,3,No,September,No,Saturday,No,2,20.158347,23.9256,71.8333,12.708225,5.68092311131,4511
260,3,No,September,No,Sunday,No,1,20.8075,24.52685,69.5,11.958361,5.345713455519999,4274
261,3,No,September,No,Monday,Yes,2,22.515847,26.48375,69.0,10.166714,4.5447983907,4539
262,3,No,September,No,Tuesday,Yes,2,23.028347,26.61085,88.125,9.041917999999999,4.04198390702,3641
263,3,No,September,No,Wednesday,Yes,2,24.395,27.52665,90.0,6.4590814000000005,2.88738551632,4352
264,3,No,September,No,Thursday,Yes,2,25.761653,27.74815,90.2083,8.584375,3.83744970943,4795
265,4,No,September,No,Friday,Yes,2,24.975847,26.10625,97.25,5.2505689,2.3471474743000003,2395
266,4,No,September,No,Saturday,No,2,24.873347,28.2206,86.25,5.251681099999999,2.34764465802,5423
267,4,No,September,No,Sunday,No,2,26.000847,28.63185,84.5,3.3754063999999997,1.5088987036200001,5010
268,4,No,September,No,Monday,Yes,2,26.615847,29.4521,84.8333,7.4169,3.3155565489499996,4630
269,4,No,September,No,Tuesday,Yes,2,26.103347,28.72625,88.5417,7.917457000000001,3.53931917747,4120
270,4,No,September,No,Wednesday,Yes,2,26.035,28.7579,84.875,9.958143,4.45156146625,3907
271,4,No,September,No,Thursday,Yes,1,25.283347,28.7256,69.9167,11.583161,5.17798882432,4839
272,4,No,September,No,Friday,Yes,1,23.130847,27.24145,64.75,13.833825,6.18409700492,5202
273,4,No,October,No,Saturday,No,2,16.81,20.64315,75.375,19.583832,8.75450692892,2429
274,4,No,October,No,Sunday,No,2,14.623347,17.26585,79.1667,14.874870999999999,6.64947295485,2918
275,4,No,October,No,Monday,Yes,2,15.750847,19.6023,76.0833,5.584168599999999,2.4962756370099997,3570
276,4,No,October,No,Tuesday,Yes,1,19.850847,23.6429,71.0,13.792218,6.16549754135,4456
277,4,No,October,No,Wednesday,Yes,1,22.071653,26.3569,64.7917,11.87575,5.30878408583,4826
278,4,No,October,No,Thursday,Yes,1,20.260847000000002,24.02125,62.0833,9.041917999999999,4.04198390702,4765
279,4,No,October,No,Friday,Yes,1,20.944153,25.2202,68.4167,1.5002438999999999,0.6706499329460001,4985
280,4,No,October,No,Saturday,No,1,21.388347,25.6621,70.125,3.0420814,1.35989333929,5409
281,4,No,October,No,Sunday,No,1,22.174153,26.19915,72.75,4.25115,1.90037997318,5511
282,4,No,October,Yes,Monday,No,1,23.404153,27.14625,73.375,2.8343814,1.26704577559,5117
283,4,No,October,No,Tuesday,Yes,2,23.233347,27.3048,80.875,9.583814,4.2842261958,4563
284,4,No,October,No,Wednesday,Yes,3,22.276653,25.88585,90.625,16.62605,7.43229772016,2416
285,4,No,October,No,Thursday,Yes,2,24.155847,27.5902,89.6667,9.499728999999999,4.24663790791,2913
286,4,No,October,No,Friday,Yes,2,22.584153,26.48375,71.625,15.000160999999999,6.705481001340001,3644
287,4,No,October,No,Saturday,No,1,20.773347,24.93625,48.3333,17.291560999999998,7.72979928476,5217
288,4,No,October,No,Sunday,No,1,20.978347,25.1577,48.6667,18.875039,8.43765713008,5041
289,4,No,October,No,Monday,Yes,1,21.900847,25.53625,57.9583,11.750392999999999,5.25274608851,4570
290,4,No,October,No,Tuesday,Yes,2,21.8325,26.13605,70.1667,7.3758289999999995,3.297196692,4748
291,4,No,October,No,Wednesday,Yes,3,22.211299,25.6924,89.5217,16.303713000000002,7.2882042914600005,2424
292,4,No,October,No,Thursday,Yes,1,19.509153,23.32625,63.625,28.292425,12.647485471600001,4195
293,4,No,October,No,Friday,Yes,1,17.5275,21.1798,57.4167,14.833532,6.63099329459,4304
294,4,No,October,No,Saturday,No,1,17.3225,21.2746,62.9167,6.2086689,2.7754443004000002,4308
295,4,No,October,No,Sunday,No,1,17.288347,21.11665,74.125,6.6673375,2.98048167188,4381
296,4,No,October,No,Monday,Yes,1,18.996653,22.85335,77.2083,7.959064,3.55791864104,4187
297,4,No,October,No,Tuesday,Yes,1,19.338347,23.16875,62.2917,11.166086,4.9915449262400005,4687
298,4,No,October,No,Wednesday,Yes,2,19.850847,23.6423,72.0417,9.959014,4.451950827,3894
299,4,No,October,No,Thursday,Yes,2,19.27,22.8523,81.2917,13.250121,5.92316540009,2659
300,4,No,October,No,Friday,Yes,2,13.564153,15.9406,58.5833,15.375093,6.873085829239999,3747
301,4,No,October,No,Saturday,No,3,10.420847,11.39565,88.25,23.541857,10.523852033999999,627
302,4,No,October,No,Sunday,No,1,13.085847,16.06645,62.375,11.833339,5.28982521234,3331
303,4,No,October,No,Monday,Yes,1,13.94,17.80315,70.3333,7.12545,3.1852704514999997,3669
304,4,No,November,No,Tuesday,Yes,1,16.434153,19.8544,68.375,9.083257000000001,4.06046356728,4068
305,4,No,November,No,Wednesday,Yes,1,15.4775,19.50665,71.875,5.5001439,2.45871430487,4186
306,4,No,November,No,Thursday,Yes,1,16.741653,20.29605,70.2083,9.166739,4.097782297719999,3974
307,4,No,November,No,Friday,Yes,2,16.536653,20.1696,62.25,18.209193,8.14000581135,4046
308,4,No,November,No,Saturday,No,1,13.393347,16.1927,51.9167,12.667154,5.66256325436,3926
309,4,No,November,No,Sunday,No,1,14.281653,18.1179,73.4583,6.1676314,2.7570994188599998,3649
310,4,No,November,No,Monday,Yes,1,16.195,20.04355,75.875,3.834075,1.7139360751,4035
311,4,No,November,No,Tuesday,Yes,1,16.741653,20.6123,72.1667,4.6255125,2.06773021904,4205
312,4,No,November,No,Wednesday,Yes,1,16.4,20.45395,75.8333,4.1671186,1.86281564595,4109
313,4,No,November,No,Thursday,Yes,2,15.58,18.68605,81.3333,12.667489,5.66271300849,2933
314,4,No,November,Yes,Friday,No,1,13.290847,15.34085,44.625,21.083225,9.42477648637,3368
315,4,No,November,No,Saturday,No,1,14.623347,17.8971,55.2917,14.208154,6.35143227537,4067
316,4,No,November,No,Sunday,No,1,18.074153,21.5275,45.8333,18.875307,8.43777693339,3717
317,4,No,November,No,Monday,Yes,1,21.73,26.2306,58.7083,20.541932,9.182803755030001,4486
318,4,No,November,No,Tuesday,Yes,2,21.73,25.37895,68.875,13.375410999999998,5.97917344658,4195
319,4,No,November,No,Wednesday,Yes,3,18.723347,22.5994,93.0,9.167542999999998,4.09814170764,1817
320,4,No,November,No,Thursday,Yes,2,14.008347,16.16105,57.5833,20.459254,9.145844434510002,3053
321,4,No,November,No,Friday,Yes,1,11.240847,13.63605,41.0,11.291711,5.04770272687,3392
322,4,No,November,No,Saturday,No,1,13.495847,16.22415,50.2083,15.041232,6.72384085829,3663
323,4,No,November,No,Sunday,No,2,18.996653,22.8529,68.4583,12.45865,5.569356280730001,3520
324,4,No,November,No,Monday,Yes,3,18.3475,22.2531,91.0,9.249618,4.13483147072,2765
325,4,No,November,No,Tuesday,Yes,3,17.083347,21.0848,96.25,7.959064,3.55791864104,1607
326,4,No,November,No,Wednesday,Yes,2,18.074153,21.52685,75.7917,22.500275,10.0582364774,2566
327,4,No,November,Yes,Thursday,No,1,15.306653,18.62355,54.9167,11.209368,5.01089316048,1495
328,4,No,November,No,Friday,Yes,1,15.375,19.03355,64.375,6.6260186,2.9620109968700006,2792
329,4,No,November,No,Saturday,No,1,15.409153,19.25435,68.1667,4.584193599999999,2.04925954403,3068
330,4,No,November,No,Sunday,No,1,18.825847,22.79,69.8333,13.999918,6.25834510505,3071
331,4,No,November,No,Monday,Yes,1,20.642598,24.5061,74.3043,9.522174,4.25667143496,3867
332,4,No,November,No,Tuesday,Yes,2,18.791653,22.56875,83.0833,17.292164,7.730068842200001,2914
333,4,No,November,No,Wednesday,Yes,1,13.325,15.56105,61.3333,18.167586,8.12140634779,3613
334,4,No,December,No,Thursday,Yes,1,12.8125,15.2777,52.4583,14.750585999999998,6.59391417076,3727
335,4,No,December,No,Friday,Yes,1,12.880847,16.57165,62.5833,6.750518,3.0176656236,3940
336,4,No,December,No,Saturday,No,1,12.265847,15.5302,61.2917,6.4174811,2.86878904783,3614
337,4,No,December,No,Sunday,No,1,13.564153,17.455,77.5833,5.6252061,2.5146205185499997,3485
338,4,No,December,No,Monday,Yes,2,15.819153,19.69625,82.7083,4.1679561000000005,1.86319003129,3811
339,4,No,December,No,Tuesday,Yes,3,18.9625,22.82,94.9583,15.583060999999999,6.96605319624,2594
340,4,No,December,No,Wednesday,Yes,3,16.81,20.0123,97.0417,17.833725,7.972161376839999,705
341,4,No,December,No,Thursday,Yes,1,10.899153,12.8469,58.0,16.083886,7.189935628069999,3322
342,4,No,December,No,Friday,Yes,1,11.924153,15.8771,69.5833,5.5420189,2.4774335717500002,3620
343,4,No,December,No,Saturday,No,1,11.275,13.3206,50.75,15.625807,6.9851618238699995,3190
344,4,No,December,No,Sunday,No,1,9.054153,12.6577,49.0,4.4582939,1.99297894502,2743
345,4,No,December,No,Monday,Yes,1,9.771653,13.5098,67.0833,4.25115,1.90037997318,3310
346,4,No,December,No,Tuesday,Yes,1,11.5825,15.0569,59.0,9.41685,4.20958873491,3523
347,4,No,December,No,Wednesday,Yes,2,13.0175,16.9181,66.375,4.0842061,1.82575149754,3740
348,4,No,December,No,Thursday,Yes,2,17.3225,20.61185,63.4167,17.958814,8.02807957085,3709
349,4,No,December,No,Friday,Yes,2,15.375,17.99125,50.0417,17.458525,7.804436745639999,3577
350,4,No,December,No,Saturday,No,2,10.591652999999999,12.46855,56.0833,16.292189,7.2830527492199995,2739
351,4,No,December,No,Sunday,No,1,9.771653,12.27895,58.625,11.375193,5.08502145731,2431
352,4,No,December,No,Monday,Yes,1,11.343347,14.04665,63.75,11.584032,5.17837818507,3403
353,4,No,December,No,Tuesday,Yes,2,15.819153,19.8227,59.5417,4.1252436,1.84409637908,3750
354,1,No,December,No,Wednesday,Yes,2,17.561653,21.40085,85.8333,14.8338,6.631113097899999,2660
355,1,No,December,No,Thursday,Yes,2,17.356653,21.30605,75.75,3.167425,1.4159253464500001,3068
356,1,No,December,No,Friday,Yes,1,15.306653,18.87565,68.625,18.374482,8.21389450156,2209
357,1,No,December,No,Saturday,No,1,12.4025,14.9621,54.25,12.750368,5.699762181490001,1011
358,1,No,December,No,Sunday,No,1,11.266103,13.99805,68.1304,10.391097,4.645103710330001,754
359,1,No,December,Yes,Monday,No,1,13.191298999999999,15.77675,50.6957,16.044155,7.17217478766,1317
360,1,No,December,No,Tuesday,Yes,2,13.325,16.38165,76.25,12.62615,5.644233348230001,1162
361,1,No,December,No,Wednesday,Yes,1,12.264330000000001,13.9987,50.3913,19.695387,8.804375055880001,2302
362,1,No,December,No,Thursday,Yes,1,10.181653,13.1946,57.4167,8.000604,3.57648815378,2423
363,1,No,December,No,Friday,Yes,1,12.778347,15.9406,63.6667,9.000579,4.02350424676,2999
364,1,No,December,No,Saturday,No,1,16.81,20.70605,61.5833,14.750318,6.593794367459999,2485
365,1,Yes,January,No,Sunday,No,1,15.17,18.78105,69.25,12.875189,5.755560572189999,2294
366,1,Yes,January,Yes,Monday,No,1,11.194763,12.6152,38.1304,22.087555,9.8737393831,1951
367,1,Yes,January,No,Tuesday,Yes,1,6.15,6.31375,44.125,24.499957000000002,10.9521488601,2236
368,1,Yes,January,No,Wednesday,Yes,2,4.4075,5.96685,41.4583,12.3749,5.5319177469800005,2368
369,1,Yes,January,No,Thursday,Yes,1,10.899153,13.9206,52.4167,8.709128999999999,3.89321814931,3272
370,1,Yes,January,No,Friday,Yes,1,13.700847,17.01335,54.2083,11.249836,5.02898345999,4098
371,1,Yes,January,No,Saturday,No,1,16.126653,19.53895,53.1667,11.708786,5.23414662494,4521
372,1,Yes,January,No,Sunday,No,1,13.8375,17.0129,46.5,12.833314,5.73684130532,3425
373,1,Yes,January,No,Monday,Yes,2,9.190847,12.37395,70.1667,6.6263,2.96213679034,2376
374,1,Yes,January,No,Tuesday,Yes,1,12.656536000000001,15.9413,64.6522,12.565984,5.61733750559,3598
375,1,Yes,January,No,Wednesday,Yes,2,11.240847,14.14105,84.75,8.791807,3.9301774698300003,2177
376,1,Yes,January,No,Thursday,Yes,2,15.6825,19.0969,80.2917,12.124789,5.420111309789999,4097
377,1,Yes,January,No,Friday,Yes,1,11.240847,12.4681,50.75,25.333236,11.3246472955,3214
378,1,Yes,January,No,Saturday,No,1,7.38,9.15435,45.75,12.541261,5.606285650419999,2493
379,1,Yes,January,No,Sunday,No,1,6.833347,8.08125,41.9167,16.834286,7.52538489048,2311
380,1,Yes,January,Yes,Monday,No,1,7.79,9.53315,52.25,15.500986,6.929363433169999,2298
381,1,Yes,January,No,Tuesday,Yes,2,15.294763,18.2139,71.6087,23.39171,10.4567322307,2935
382,1,Yes,January,No,Wednesday,Yes,1,12.436653,13.7627,44.3333,27.833743,12.44244211,3376
383,1,Yes,January,No,Thursday,Yes,1,7.79,9.5019,49.75,14.750585999999998,6.59391417076,3292
384,1,Yes,January,No,Friday,Yes,2,8.9175,11.0479,45.0,13.58425,6.07253017434,3163
385,1,Yes,January,No,Saturday,No,2,7.106653,8.74375,83.125,14.917014000000002,6.6683120250300005,1301
386,1,Yes,January,No,Sunday,No,2,6.6625,8.1125,79.625,13.375746,5.979323200720001,1977
387,1,Yes,January,No,Monday,Yes,2,8.951653,12.1529,91.125,7.417436,3.3157961555699997,2432
388,1,Yes,January,No,Tuesday,Yes,1,14.0425,17.4554,83.5833,8.292389,3.7069240053600003,4339
389,1,Yes,January,No,Wednesday,Yes,1,12.060847,14.74105,64.375,10.791757,4.82420965579,4270
390,1,Yes,January,No,Thursday,Yes,2,14.008347,17.8025,76.9583,4.917518599999999,2.19826490836,4075
391,1,Yes,January,No,Friday,Yes,2,17.425,20.76915,74.125,22.958689,10.2631600358,3456
392,1,Yes,January,No,Saturday,No,1,12.949152999999999,16.31895,54.3333,14.125542999999999,6.31450290568,4023
393,1,Yes,January,No,Sunday,No,1,11.5825,13.63605,31.125,16.08335,7.1896960214600005,3243
394,1,Yes,January,No,Monday,Yes,1,11.035847,13.13125,40.0833,14.458064000000002,6.4631488600800004,3624
395,1,Yes,January,No,Tuesday,Yes,1,15.99,19.06585,41.6667,17.541739,7.84163567278,4509
396,1,Yes,Febuary,No,Wednesday,Yes,1,19.235847,23.3269,50.7917,12.667489,5.66271300849,4579
397,1,Yes,Febuary,No,Thursday,Yes,2,16.365847,19.94855,67.2917,12.541528999999999,5.60640545373,3761
398,1,Yes,Febuary,No,Friday,Yes,1,12.846653,15.4673,52.6667,11.959232,5.34610281627,4151
399,1,Yes,Febuary,No,Saturday,No,2,10.830847,13.63625,77.9583,8.167032,3.65088600805,2832
400,1,Yes,Febuary,No,Sunday,No,2,10.899153,13.22605,68.7917,11.791732000000001,5.27122574877,2947
401,1,Yes,Febuary,No,Monday,Yes,1,11.586969,14.8213,62.2174,10.3046,4.60643719267,3784
402,1,Yes,Febuary,No,Tuesday,Yes,1,14.520847,18.0552,49.625,9.874393,4.4141229325,4375
403,1,Yes,Febuary,No,Wednesday,Yes,2,10.523347,13.32105,72.2917,8.959307,4.00505453733,2802
404,1,Yes,Febuary,No,Thursday,Yes,1,10.865,13.0994,56.2083,13.000478999999999,5.81156861869,3830
405,1,Yes,Febuary,No,Friday,Yes,2,11.514153,14.6779,54.0,7.834242999999999,3.5021202503400004,3831
406,1,Yes,Febuary,No,Saturday,No,3,9.190847,10.54335,73.125,19.416332,8.67962986142,2169
407,1,Yes,Febuary,No,Sunday,No,1,5.2275,5.0829,46.4583,27.417203999999998,12.256237818499999,1529
408,1,Yes,Febuary,No,Monday,Yes,1,9.1225,11.39565,41.125,11.207961,5.010264193119999,3422
409,1,Yes,Febuary,No,Tuesday,Yes,2,13.085847,16.6973,50.875,9.458993,4.2284278051,3922
410,1,Yes,Febuary,No,Wednesday,Yes,1,14.281653,17.58145,53.125,12.1672,5.439070183280001,4169
411,1,Yes,Febuary,No,Thursday,Yes,2,12.983347,16.5081,75.2917,6.125475,2.73825435852,3005
412,1,Yes,Febuary,No,Friday,Yes,1,14.076653,17.58145,63.4583,13.791682000000002,6.1652579347300005,4154
413,1,Yes,Febuary,No,Saturday,No,1,14.213347,17.77125,53.4583,12.792243,5.71848144837,4318
414,1,Yes,Febuary,No,Sunday,No,2,11.48,13.2894,51.5833,16.958504,7.580913723739999,2689
415,1,Yes,Febuary,Yes,Monday,No,1,11.48,13.66955,50.7826,15.348560999999998,6.86122530174,3129
416,1,Yes,Febuary,No,Tuesday,Yes,1,11.800866000000001,14.75565,59.4348,13.783039000000002,6.1613942780499995,3777
417,1,Yes,Febuary,No,Wednesday,Yes,1,16.229153,19.63335,56.7917,15.709557,7.02260035762,4773
418,1,Yes,Febuary,No,Thursday,Yes,1,18.620847,22.2223,55.4583,12.791171,5.71800223514,5062
419,1,Yes,Febuary,No,Friday,Yes,2,16.7075,20.54855,73.75,15.916989000000001,7.115328118019999,3487
420,1,Yes,Febuary,No,Saturday,No,1,11.924153,12.78375,39.5833,28.250014,12.628526598099999,2732
421,1,Yes,Febuary,No,Sunday,No,1,11.445847,13.4154,41.0,13.750342999999999,6.14677827447,3389
422,1,Yes,Febuary,No,Monday,Yes,1,15.033347000000001,17.8977,49.0833,17.958211,8.02781001341,4322
423,1,Yes,Febuary,No,Tuesday,Yes,1,14.725847,17.67625,39.5833,12.958938999999999,5.79299910595,4363
424,1,Yes,Febuary,No,Wednesday,Yes,2,14.118267999999999,17.4235,80.4783,12.000839,5.36470227984,1834
425,1,Yes,March,No,Thursday,Yes,1,19.919153,23.76855,61.5417,15.208129000000001,6.798448368350001,4990
426,1,Yes,March,No,Friday,Yes,2,14.486653,17.9921,65.7083,9.708568,4.33999463567,3194
427,1,Yes,March,No,Saturday,No,2,16.980847,20.6746,62.125,10.792292999999999,4.82444926241,4066
428,1,Yes,March,No,Sunday,No,1,13.359153,15.15105,40.3333,22.416257,10.0206781404,3423
429,1,Yes,March,No,Monday,Yes,1,9.976653,12.05855,50.625,15.333485999999999,6.854486365669999,3333
430,1,Yes,March,No,Tuesday,Yes,1,10.591652999999999,12.7521,45.6667,13.458625,6.016372373709999,3956
431,1,Yes,March,No,Wednesday,Yes,1,16.570847,19.255,51.3333,23.167193,10.356367009400001,4916
432,1,Yes,March,No,Thursday,Yes,1,21.6275,26.2302,56.75,29.584721000000002,13.2251770228,5382
433,1,Yes,March,No,Friday,Yes,2,16.844153,19.85415,40.7083,27.7916,12.4236030398,4569
434,1,Yes,March,No,Saturday,No,1,11.7875,13.88835,35.0417,15.12525,6.761399195349999,4118
435,1,Yes,March,No,Sunday,No,1,14.831299,17.9835,47.6957,14.913329000000001,6.666664729550001,4911
436,1,Yes,March,No,Monday,Yes,1,19.133347,22.9796,48.9167,13.916770999999999,6.221176128740001,5298
437,1,Yes,March,No,Tuesday,Yes,1,23.165,27.14645,61.75,15.87565,7.09684845776,5847
438,1,Yes,March,No,Wednesday,Yes,1,23.4725,27.43085,50.7083,7.709153999999999,3.44620205633,6312
439,1,Yes,March,No,Thursday,Yes,1,22.8575,26.64125,57.9583,10.042161,4.4891198033099995,6192
440,1,Yes,March,No,Friday,Yes,2,17.869153,21.81145,84.2083,7.583864,3.3901940098299996,4378
441,1,Yes,March,No,Saturday,No,2,21.080847,25.2523,75.5833,7.417167999999999,3.31567635226,7836
442,1,Yes,March,No,Sunday,No,2,19.3725,23.2,81.0,8.501161,3.8002507823,5892
443,1,Yes,March,No,Monday,Yes,1,22.345,26.64105,72.875,10.875239,4.86152838623,6153
444,1,Yes,March,No,Tuesday,Yes,1,22.994153,26.92665,80.7917,8.125157000000002,3.63216674117,6093
445,2,Yes,March,No,Wednesday,Yes,2,21.798347,25.6629,82.125,6.000406099999999,2.68234514975,6230
446,2,Yes,March,No,Thursday,Yes,1,22.720847,26.57835,83.125,7.876653999999999,3.5210791238300003,6871
447,2,Yes,March,No,Friday,Yes,2,24.668347,28.50335,69.4167,7.7921,3.4832811801499997,8362
448,2,Yes,March,No,Saturday,No,2,20.6025,24.33665,88.5417,12.916461,5.77401028163,3372
449,2,Yes,March,No,Sunday,No,2,17.9375,21.8744,88.0833,14.791925,6.61239383102,4996
450,2,Yes,March,No,Monday,Yes,1,18.279153,21.9375,47.7917,25.917007,11.585608851099998,5558
451,2,Yes,March,No,Tuesday,Yes,1,13.256653,15.7827,29.0,12.541864,5.60655520787,5102
452,2,Yes,March,No,Wednesday,Yes,1,19.850847,23.5475,48.125,19.541957,8.73578766205,5698
453,2,Yes,March,No,Thursday,Yes,1,20.260847000000002,24.1152,43.9167,21.41655,9.573781850689999,6133
454,2,Yes,March,No,Friday,Yes,2,15.17,18.78105,58.0833,9.250489,4.13522083147,5459
455,2,Yes,March,No,Saturday,No,2,17.390847,21.0854,73.8333,16.791339,7.50618641037,6235
456,2,Yes,April,No,Sunday,No,2,17.459153,20.86435,67.625,11.541889,5.15953911489,6041
457,2,Yes,April,No,Monday,Yes,1,17.790433,21.37565,50.4348,20.913313,9.34882118909,5936
458,2,Yes,April,No,Tuesday,Yes,1,19.133347,23.07415,39.6667,6.708911,2.99906616004,6772
459,2,Yes,April,No,Wednesday,Yes,1,22.208347,26.6725,46.9583,12.125325,5.42035091641,6436
460,2,Yes,April,No,Thursday,Yes,1,17.835,21.55815,37.4167,14.708442999999999,6.575075100580001,6457
461,2,Yes,April,No,Friday,Yes,1,16.536653,19.53835,37.7083,20.125996,8.996869021010001,6460
462,2,Yes,April,No,Saturday,No,1,17.9375,21.30645,25.4167,18.416357,8.23261376844,6857
463,2,Yes,April,No,Sunday,No,1,20.5,24.62125,27.5833,15.583932,6.966442557000001,5169
464,2,Yes,April,No,Monday,Yes,1,20.055847,23.8319,31.75,23.999132,10.7282664283,5585
465,2,Yes,April,No,Tuesday,Yes,1,18.313347,21.81165,43.5,16.708125,7.4689874832399985,5918
466,2,Yes,April,No,Wednesday,Yes,1,14.296535999999998,16.8637,46.9565,19.783358,8.843700491729999,4862
467,2,Yes,April,No,Thursday,Yes,1,16.2975,19.3802,46.625,19.458743,8.69858873491,5409
468,2,Yes,April,No,Friday,Yes,1,18.1425,21.5904,40.8333,10.416557000000001,4.65648502459,6398
469,2,Yes,April,No,Saturday,No,1,20.295,24.3998,50.2917,12.791439,5.71812203844,7460
470,2,Yes,April,No,Sunday,No,1,24.873347,28.69375,50.7917,15.083642999999999,6.74279973178,7132
471,2,Yes,April,Yes,Monday,No,1,27.230846999999997,30.74625,56.1667,19.083543,8.53086410371,6370
472,2,Yes,April,No,Tuesday,Yes,1,24.941653,29.92435,39.0417,18.333143,8.19541484131,6691
473,2,Yes,April,No,Wednesday,Yes,2,18.996653,22.8519,56.9167,11.250103999999999,5.0291032633,4367
474,2,Yes,April,No,Thursday,Yes,1,20.431653,24.6523,61.25,4.4172564,1.97463406348,6565
475,2,Yes,April,No,Friday,Yes,1,21.593347,25.78875,69.4583,10.041357000000001,4.488760393380001,7290
476,2,Yes,April,No,Saturday,No,1,23.37,27.14605,68.2917,19.000329,8.49366517658,6624
477,2,Yes,April,No,Sunday,No,3,16.263347,19.4752,83.5417,23.084582,10.3194376397,1027
478,2,Yes,April,No,Monday,Yes,2,13.188347,15.05625,76.6667,20.334232,9.08995619133,3214
479,2,Yes,April,No,Tuesday,Yes,1,16.946653,20.26415,45.4167,16.708661,7.46922708985,5633
480,2,Yes,April,No,Wednesday,Yes,1,19.543347,23.51585,42.7917,7.959064,3.55791864104,6196
481,2,Yes,April,No,Thursday,Yes,2,20.431653,24.17915,75.6667,11.833875,5.2900648189499995,5026
482,2,Yes,April,No,Friday,Yes,1,18.7575,22.63185,40.0833,23.291411,10.4118958426,6233
483,2,Yes,April,No,Saturday,No,2,15.443347,18.8752,48.9583,8.708325,3.8928587393800003,4220
484,2,Yes,April,No,Sunday,No,1,18.791653,22.50605,58.7083,7.832836,3.50149128297,6304
485,2,Yes,April,No,Monday,Yes,2,19.030847,22.8848,57.0,11.499746,5.1407000447,5572
486,2,Yes,MAy,No,Tuesday,Yes,2,25.146653,28.85105,65.9583,10.458432,4.67520429146,5740
487,2,Yes,MAy,No,Wednesday,Yes,1,23.130847,26.8948,79.7083,9.249886,4.1349512740300005,6169
488,2,Yes,MAy,No,Thursday,Yes,2,22.96,26.8621,76.8333,8.957632,4.00430576665,6421
489,2,Yes,MAy,No,Friday,Yes,1,25.7275,29.54585,73.5417,10.916846000000001,4.8801278498,6296
490,2,Yes,MAy,No,Saturday,No,2,25.488347,29.2304,75.6667,10.250464,4.58223692445,6883
491,2,Yes,MAy,No,Sunday,No,2,23.0625,27.33685,74.0,10.041893,4.489,6359
492,2,Yes,MAy,No,Monday,Yes,2,22.0375,26.3571,66.4167,15.458307000000001,6.910284756369999,6273
493,2,Yes,MAy,No,Tuesday,Yes,2,23.848347,27.87355,68.5833,19.833942999999998,8.86631336612,5728
494,2,Yes,MAy,No,Wednesday,Yes,2,23.575,27.65125,74.4167,14.499604000000001,6.48171837282,4717
495,2,Yes,MAy,No,Thursday,Yes,1,20.739152999999998,24.58915,55.2083,21.042220999999998,9.406446580239999,6572
496,2,Yes,MAy,No,Friday,Yes,1,21.866653,26.04165,36.0417,15.874779,7.096459097,7030
497,2,Yes,MAy,No,Saturday,No,1,23.130847,27.24085,48.0417,8.249911,3.6879351810500003,7429
498,2,Yes,MAy,No,Sunday,No,1,25.1125,29.2619,57.625,15.082839000000002,6.74244032186,6118
499,2,Yes,MAy,No,Monday,Yes,2,23.506653,27.495,78.9583,14.250364000000001,6.37030129638,2843
500,2,Yes,MAy,No,Tuesday,Yes,2,25.078347,28.8202,79.4583,9.875264,4.41451229325,5115
501,2,Yes,MAy,No,Wednesday,Yes,1,26.103347,29.79875,69.7917,8.208304,3.66933571748,7424
502,2,Yes,MAy,No,Thursday,Yes,1,24.326653,28.63065,52.0,15.374825,6.87296602593,7384
503,2,Yes,MAy,No,Friday,Yes,1,23.130847,27.55605,52.3333,9.166739,4.097782297719999,7639
504,2,Yes,MAy,No,Saturday,No,1,24.6,28.3454,45.625,5.626325,2.5151206973599995,8294
505,2,Yes,MAy,No,Sunday,No,1,25.454153,29.19835,53.0417,17.042589000000003,7.6185020116199995,7129
506,2,Yes,MAy,No,Monday,Yes,2,24.531653,28.28335,81.125,15.624668,6.984652659810001,4359
507,2,Yes,MAy,No,Tuesday,Yes,2,25.215,29.04125,76.5833,7.917189,3.5391993741600003,6073
508,2,Yes,MAy,No,Wednesday,Yes,2,25.488347,29.2306,77.4583,6.834,3.0549843540499997,5260
509,2,Yes,MAy,No,Thursday,Yes,1,26.855,30.335,71.6667,11.584032,5.17837818507,6770
510,2,Yes,MAy,No,Friday,Yes,1,27.88,31.37645,74.7083,9.41685,4.20958873491,6734
511,2,Yes,MAy,No,Saturday,No,1,28.3925,32.1348,73.25,13.332464000000002,5.95997496647,6536
512,2,Yes,MAy,No,Sunday,No,1,28.29,32.07125,69.7083,14.416457000000001,6.44454939651,6591
513,2,Yes,MAy,Yes,Monday,No,1,29.2125,33.965,67.625,13.166907,5.88596647295,6043
514,2,Yes,MAy,No,Tuesday,Yes,1,29.6225,33.6496,68.4583,19.7918,8.84747429593,5743
515,2,Yes,MAy,No,Wednesday,Yes,2,26.923346999999996,30.55645,67.0,9.000043,4.02326464014,6855
516,2,Yes,MAy,No,Thursday,Yes,1,27.88,31.56645,49.2917,13.083692999999998,5.84876754582,7338
517,2,Yes,June,No,Friday,Yes,2,26.820846999999997,30.3981,75.5417,15.916720999999999,7.115208314710001,4127
518,2,Yes,June,No,Saturday,No,1,23.916653,28.3144,54.9167,12.499654,5.58768618686,8120
519,2,Yes,June,No,Sunday,No,1,24.7025,28.75665,49.3333,12.333829,5.51355789003,7641
520,2,Yes,June,No,Monday,Yes,1,24.4975,28.91415,48.7083,19.083810999999997,8.53098390702,6998
521,2,Yes,June,No,Tuesday,Yes,2,22.174153,26.2946,61.3333,14.041525,6.27694456862,7001
522,2,Yes,June,No,Wednesday,Yes,1,22.720847,27.1146,61.125,5.167375,2.30995753241,7055
523,2,Yes,June,No,Thursday,Yes,1,24.7025,28.4721,56.7083,10.54245,4.71276262852,7494
524,2,Yes,June,No,Friday,Yes,1,26.615847,29.8931,46.7917,11.750661000000001,5.25286589182,7736
525,2,Yes,June,No,Saturday,No,1,29.144153000000003,32.41835,43.7083,9.667228999999999,4.32151497541,7498
526,2,Yes,June,No,Sunday,No,1,29.793346999999997,33.17585,53.8333,8.959307,4.00505453733,6598
527,2,Yes,June,No,Monday,Yes,2,29.554153000000003,32.98605,58.7917,13.916770999999999,6.221176128740001,6664
528,2,Yes,June,No,Tuesday,Yes,2,26.786653,29.89375,83.3333,14.374582,6.4258301296399996,4972
529,2,Yes,June,No,Wednesday,Yes,1,26.889153000000004,30.55585,58.2083,22.999693,10.2814899419,7421
530,2,Yes,June,No,Thursday,Yes,1,26.581653000000003,31.21915,56.9583,17.000110999999997,7.5995131873,7363
531,2,Yes,June,No,Friday,Yes,1,26.205847,29.9877,58.9583,11.833339,5.28982521234,7665
532,2,Yes,June,No,Saturday,No,1,25.898347,29.7354,50.4167,11.166689,4.991814483680001,7702
533,2,Yes,June,No,Sunday,No,1,24.2925,28.59875,59.875,9.708568,4.33999463567,6978
534,2,Yes,June,No,Monday,Yes,2,23.301652999999998,27.2421,77.7917,11.707982000000001,5.2337872150199996,5099
535,2,Yes,June,No,Tuesday,Yes,1,28.221653000000003,32.7346,69.0,9.917139,4.43323156013,6825
536,2,Yes,June,No,Wednesday,Yes,1,32.0825,36.04875,59.2083,7.625404,3.40876352257,6211
537,3,Yes,June,No,Thursday,Yes,1,33.039153000000006,37.6271,56.7917,7.958728999999999,3.5577688869,5905
538,3,Yes,June,No,Friday,Yes,1,31.8775,36.20605,57.375,12.250414,5.47626911042,5823
539,3,Yes,June,No,Saturday,No,1,29.998346999999995,32.6396,53.4583,12.041307000000002,5.382792579349999,7458
540,3,Yes,June,No,Sunday,No,1,30.476653000000002,33.7127,47.9167,9.750175,4.35859409924,6891
541,3,Yes,June,No,Monday,Yes,1,29.349153,32.7021,50.4167,20.125660999999997,8.996719266880001,6779
542,3,Yes,June,No,Tuesday,Yes,1,25.864152999999998,29.7352,37.3333,23.292014,10.4121654001,7442
543,3,Yes,June,No,Wednesday,Yes,1,28.5975,32.0396,36.0,18.208925,8.139886008049999,7335
544,3,Yes,June,No,Thursday,Yes,1,30.715846999999997,33.7756,42.25,11.50055,5.141059454630001,6879
545,3,Yes,June,No,Friday,Yes,1,34.200846999999996,39.33065,48.875,11.082939,4.95437594993,5463
546,3,Yes,June,No,Saturday,No,1,31.365,34.3754,60.125,10.791757,4.82420965579,5687
547,3,Yes,July,No,Sunday,No,1,33.449153,37.53145,51.875,11.291443,5.04758292356,5531
548,3,Yes,July,No,Monday,Yes,1,32.048347,35.1019,44.7083,13.082889,5.848408135900001,6227
549,3,Yes,July,No,Tuesday,Yes,1,32.014153,35.1325,49.2083,8.457879,3.78090254806,6660
550,3,Yes,July,Yes,Wednesday,No,1,32.355847,36.61685,53.875,9.04165,4.04186410371,7403
551,3,Yes,July,No,Thursday,Yes,1,33.9275,38.06835,45.7917,12.999943,5.81132901207,6241
552,3,Yes,July,No,Friday,Yes,1,33.961653000000005,37.62665,45.0833,9.791514,4.3770737595,6207
553,3,Yes,July,No,Saturday,No,1,35.328346999999994,40.24565,49.2083,10.958117999999999,4.8985775592300005,4840
554,3,Yes,July,No,Sunday,No,1,33.7225,39.5198,57.375,8.417143,3.76269244524,4672
555,3,Yes,July,No,Monday,Yes,2,29.144153000000003,32.7027,68.3333,12.125325,5.42035091641,6569
556,3,Yes,July,No,Tuesday,Yes,2,29.554153000000003,33.2398,66.75,10.166379,4.54464863657,6290
557,3,Yes,July,No,Wednesday,Yes,1,29.383346999999997,32.51355,63.3333,10.166111,4.544528833259999,7264
558,3,Yes,July,No,Thursday,Yes,1,29.349153,32.73415,52.9583,9.833925,4.39603263299,7446
559,3,Yes,July,No,Friday,Yes,2,29.998346999999995,33.39665,48.5833,5.41695,2.42152436299,7499
560,3,Yes,July,No,Saturday,No,2,28.836653000000002,33.3021,69.9167,9.626493,4.3033048726,6969
561,3,Yes,July,No,Sunday,No,1,30.579153,35.2598,71.7917,11.166689,4.991814483680001,6031
562,3,Yes,July,No,Monday,Yes,1,31.296653000000003,36.20625,64.5,11.000529,4.9175364327199995,6830
563,3,Yes,July,No,Tuesday,Yes,1,33.551653,37.78415,50.5833,7.666742999999999,3.42724318283,6786
564,3,Yes,July,No,Wednesday,Yes,1,32.526653,37.27915,57.7083,9.208614,4.1165015646,5713
565,3,Yes,July,No,Thursday,Yes,1,31.57,35.7321,60.0417,11.083743,4.95473535986,6591
566,3,Yes,July,No,Friday,Yes,2,27.299153000000004,30.65125,84.4167,14.000789000000001,6.258734465800001,5870
567,3,Yes,July,No,Saturday,No,3,24.429153,27.4956,86.5417,14.2911,6.3885113991999996,4459
568,3,Yes,July,No,Sunday,No,2,27.3675,31.15625,76.25,6.2926936,2.81300563254,7410
569,3,Yes,July,No,Monday,Yes,1,30.408346999999996,34.50085,69.4167,9.291761,4.153670540899999,6966
570,3,Yes,July,No,Tuesday,Yes,1,30.784153000000003,35.3225,65.5,14.167418,6.33322217255,7592
571,3,Yes,July,No,Wednesday,Yes,1,29.690846999999998,32.7027,45.0,11.0416,4.93589628967,8173
572,3,Yes,July,No,Thursday,Yes,1,31.843346999999998,36.96315,59.6667,19.082470999999998,8.53038489048,6861
573,3,Yes,July,No,Friday,Yes,1,32.048347,36.71085,59.4583,10.250464,4.58223692445,6904
574,3,Yes,July,No,Saturday,No,1,30.989153,34.8802,61.3333,10.54245,4.71276262852,6685
575,3,Yes,July,No,Sunday,No,1,29.588347,33.39665,62.375,11.416532,5.10350111757,6597
576,3,Yes,July,No,Monday,Yes,1,29.964153000000003,34.24935,66.875,10.292339,4.60095619133,7105
577,3,Yes,July,No,Tuesday,Yes,1,29.246653000000002,33.1448,70.4167,11.083475,4.954615556549999,7216
578,3,Yes,August,No,Wednesday,Yes,1,29.4175,33.3654,67.75,9.458993,4.2284278051,7580
579,3,Yes,August,No,Thursday,Yes,1,30.8525,35.3544,65.9583,8.666718,3.8742592758199996,7261
580,3,Yes,August,No,Friday,Yes,2,31.399153000000002,36.14335,64.25,14.458064000000002,6.4631488600800004,7175
581,3,Yes,August,No,Saturday,No,1,32.526653,37.56335,61.3333,17.249685999999997,7.71108001788,6824
582,3,Yes,August,No,Sunday,No,1,31.535846999999997,36.55395,65.25,19.458207,8.6983491283,5464
583,3,Yes,August,No,Monday,Yes,2,30.8525,35.5123,65.4167,8.666718,3.8742592758199996,7013
584,3,Yes,August,No,Tuesday,Yes,2,30.169153,34.88105,70.375,7.832836,3.50149128297,7273
585,3,Yes,August,No,Wednesday,Yes,2,30.75,35.38585,67.2917,7.4169,3.3155565489499996,7534
586,3,Yes,August,No,Thursday,Yes,1,30.989153,34.9754,62.0417,10.4587,4.67532409477,7286
587,3,Yes,August,No,Friday,Yes,2,29.349153,33.3971,71.5833,16.000470999999997,7.152646848460001,5786
588,3,Yes,August,No,Saturday,No,2,28.3925,31.91335,73.2917,13.834093,6.18421680823,6299
589,3,Yes,August,No,Sunday,No,1,28.734153000000003,32.22895,53.0417,8.208304,3.66933571748,6544
590,3,Yes,August,No,Monday,Yes,1,29.554153000000003,33.1127,54.5417,9.126204,4.07966204738,6883
591,3,Yes,August,No,Tuesday,Yes,1,29.793346999999997,33.83895,68.6667,11.333586,5.06642199374,6784
592,3,Yes,August,No,Wednesday,Yes,1,28.973346999999997,32.70185,61.9583,11.374657000000001,5.08478185069,7347
593,3,Yes,August,No,Thursday,Yes,1,29.485846999999996,32.7344,51.9167,9.500332,4.2469074653600005,7605
594,3,Yes,August,No,Friday,Yes,1,29.656653000000002,12.12,57.0833,15.500717999999999,6.92924362986,7148
595,3,Yes,August,No,Saturday,No,1,27.811653000000003,30.90355,60.3333,11.917089,5.32726374609,7865
596,3,Yes,August,No,Sunday,No,2,26.069153,30.1777,71.1667,5.79215,2.58924899419,4549
597,3,Yes,August,No,Monday,Yes,2,26.069153,29.79835,73.4167,8.708592999999999,3.89297854269,6530
598,3,Yes,August,No,Tuesday,Yes,1,26.615847,30.05125,67.375,4.875643599999999,2.17954564148,7006
599,3,Yes,August,No,Wednesday,Yes,1,27.3675,31.0927,67.7083,4.708981099999999,2.10504295932,7375
600,3,Yes,August,No,Thursday,Yes,1,28.529153000000004,31.8504,63.5833,5.667918599999999,2.5337141707599997,7765
601,3,Yes,August,No,Friday,Yes,2,28.8025,32.355,61.5,4.833768599999999,2.16082637461,7582
602,3,Yes,August,No,Saturday,No,2,27.128346999999998,30.9348,71.2917,16.375335999999997,7.32022172553,6053
603,3,Yes,August,No,Sunday,No,2,26.786653,29.7998,84.5833,15.333485999999999,6.854486365669999,5255
604,3,Yes,August,No,Monday,Yes,1,28.836653000000002,32.7344,73.0417,8.625111,3.8556598122500003,6917
605,3,Yes,August,No,Tuesday,Yes,1,29.861653000000004,33.3025,62.0,12.791975,5.718361645060001,7040
606,3,Yes,August,No,Wednesday,Yes,1,28.085,31.78665,55.2083,7.541653999999999,3.37132498882,7697
607,3,Yes,August,No,Thursday,Yes,1,28.973346999999997,32.63895,59.0417,5.166818900000001,2.30970894055,7713
608,3,Yes,August,No,Friday,Yes,1,31.330847,34.47,58.75,11.291711,5.04770272687,7350
609,3,Yes,September,No,Saturday,No,2,30.886653000000003,35.1327,63.8333,7.5835289999999995,3.3900442557,6140
610,3,Yes,September,No,Sunday,No,2,28.563346999999997,32.45,81.5,4.2927436,1.91897344658,5810
611,3,Yes,September,Yes,Monday,No,1,29.0075,33.08145,79.0833,10.125107,4.52619892713,6034
612,3,Yes,September,No,Tuesday,Yes,1,29.759153,34.3444,75.5,15.833507,7.07800938757,6864
613,3,Yes,September,No,Wednesday,Yes,1,30.203346999999997,35.44915,74.125,12.583136,5.6250049173,7112
614,3,Yes,September,No,Thursday,Yes,2,28.563346999999997,32.76645,81.0417,9.542207000000001,4.26562673223,6203
615,3,Yes,September,No,Friday,Yes,1,28.836653000000002,32.8602,73.625,11.500282,5.14093965132,7504
616,3,Yes,September,No,Saturday,No,2,27.025847,30.55605,79.9167,18.833968,8.41929727313,5976
617,3,Yes,September,No,Sunday,No,1,25.01,28.94625,54.75,15.041232,6.72384085829,8227
618,3,Yes,September,No,Monday,Yes,1,23.916653,28.2827,50.375,17.333771,7.74866830577,7525
619,3,Yes,September,No,Tuesday,Yes,1,23.6775,27.7146,52.0,6.1676314,2.7570994188599998,7767
620,3,Yes,September,No,Wednesday,Yes,1,24.565847,28.50375,57.7083,8.833682000000001,3.9488967367,7870
621,3,Yes,September,No,Thursday,Yes,1,25.1125,28.9779,63.7083,5.5422936,2.4775563701400003,7804
622,3,Yes,September,No,Friday,Yes,1,25.966653,29.70415,67.25,6.958821,3.1107827447500003,8009
623,3,Yes,September,No,Saturday,No,1,24.941653,29.29335,50.1667,16.583907,7.41345864998,8714
624,3,Yes,September,No,Sunday,No,1,23.78,28.15625,57.0,6.042281099999999,2.70106441663,7333
625,3,Yes,September,No,Monday,Yes,2,23.814153,27.6525,73.4583,10.166714,4.5447983907,6869
626,3,Yes,September,No,Tuesday,Yes,2,25.556653,28.25335,87.25,23.958329,10.7100263746,4073
627,3,Yes,September,No,Wednesday,Yes,1,22.6525,27.0202,53.6667,14.416725,6.44466919982,7591
628,3,Yes,September,No,Thursday,Yes,1,22.413347,26.6096,61.8333,7.917189,3.5391993741600003,7720
629,3,Yes,September,No,Friday,Yes,1,24.565847,28.59855,66.875,10.333343,4.61928609745,8167
630,3,Yes,September,No,Saturday,No,1,26.65,30.5244,64.6667,19.000061,8.49354537327,8395
631,4,Yes,September,No,Sunday,No,1,21.695847,25.94665,46.7083,14.958286,6.68676173447,7907
632,4,Yes,September,No,Monday,Yes,1,21.080847,25.12565,49.2917,9.541068,4.26511756817,7436
633,4,Yes,September,No,Tuesday,Yes,1,22.55,27.20895,57.0,15.833507,7.07800938757,7538
634,4,Yes,September,No,Wednesday,Yes,1,26.035,29.83065,63.0833,16.3748,7.3199821189100005,7733
635,4,Yes,September,No,Thursday,Yes,2,26.65,30.39875,69.0833,9.000914,4.02365400089,7393
636,4,Yes,September,No,Friday,Yes,2,25.385847000000002,29.29315,69.0,10.999993,4.91729682611,7415
637,4,Yes,September,No,Saturday,No,1,22.2425,26.5148,54.2917,15.249467999999998,6.81692802861,8555
638,4,Yes,September,No,Sunday,No,1,21.593347,25.88315,58.3333,9.042186000000001,4.04210371033,6889
639,4,Yes,October,No,Monday,Yes,2,21.354153,25.6,64.9167,6.083881400000001,2.7196608851099997,6778
640,4,Yes,October,No,Tuesday,Yes,3,24.224153,27.11665,87.1667,6.999825,3.1291126508700002,4639
641,4,Yes,October,No,Wednesday,Yes,2,26.9575,29.95665,79.375,4.4585685999999995,1.99310174341,7572
642,4,Yes,October,No,Thursday,Yes,2,26.9575,30.39875,72.2917,7.8755820000000005,3.52059991059,7328
643,4,Yes,October,No,Friday,Yes,1,25.215,29.00935,62.75,7.12545,3.1852704514999997,8156
644,4,Yes,October,No,Saturday,No,1,22.720847,26.92605,66.4167,17.957675,8.02757040679,7965
645,4,Yes,October,No,Sunday,No,2,17.049153,20.99065,70.8333,9.457854,4.2279186410400005,3510
646,4,Yes,October,Yes,Monday,No,2,15.716652999999999,19.3804,70.9583,12.708492999999999,5.68104291462,5478
647,4,Yes,October,No,Tuesday,Yes,2,18.313347,21.9056,76.1667,12.7501,5.69964237819,6392
648,4,Yes,October,No,Wednesday,Yes,1,21.080847,25.1571,63.0833,12.584007000000001,5.62539427805,7691
649,4,Yes,October,No,Thursday,Yes,1,17.835,21.55835,46.3333,12.166932000000001,5.43895037997,7570
650,4,Yes,October,No,Friday,Yes,1,17.9375,21.65355,53.9167,15.751164000000001,7.041199821189999,7282
651,4,Yes,October,No,Saturday,No,1,16.126653,19.5698,49.4583,9.791514,4.3770737595,7109
652,4,Yes,October,No,Sunday,No,1,21.388347,25.4102,64.0417,18.667004000000002,8.34465981225,6639
653,4,Yes,October,No,Monday,Yes,2,23.028347,26.9575,70.75,19.834479,8.86655297273,5875
654,4,Yes,October,No,Tuesday,Yes,1,19.201653,23.0423,55.8333,12.208807,5.4576696468499994,7534
655,4,Yes,October,No,Wednesday,Yes,1,18.689153,22.5054,69.2917,6.791857,3.03614528386,7461
656,4,Yes,October,No,Thursday,Yes,2,21.4225,25.63125,72.8333,15.874779,7.096459097,7509
657,4,Yes,October,No,Friday,Yes,2,23.096653,26.8948,81.5,9.041917999999999,4.04198390702,5424
658,4,Yes,October,No,Saturday,No,1,19.850847,23.6421,57.2917,7.874979,3.52033035315,8090
659,4,Yes,October,No,Sunday,No,1,19.030847,22.82145,51.0,11.125618,4.973454626730001,6824
660,4,Yes,October,No,Monday,Yes,1,19.9875,24.1471,56.8333,5.459381099999999,2.4404922217299996,7058
661,4,Yes,October,No,Tuesday,Yes,1,22.310847,26.5152,64.1667,6.334568599999999,2.83172489942,7466
662,4,Yes,October,No,Wednesday,Yes,1,24.0875,27.93605,63.625,4.876206400000001,2.17979722843,7693
663,4,Yes,October,No,Thursday,Yes,2,22.55,26.4844,80.0417,8.333125,3.7251341081800002,7359
664,4,Yes,October,No,Friday,Yes,2,22.379153,26.1375,80.7083,8.875289,3.9674962002699994,7444
665,4,Yes,October,No,Saturday,No,2,21.73,25.75665,72.0,15.791364000000002,7.05917031739,7852
666,4,Yes,October,No,Sunday,No,2,19.5775,23.38855,69.4583,26.666535999999997,11.9206687528,4459
667,4,Yes,October,No,Monday,Yes,3,18.04,21.97,88.0,23.9994,10.7283862316,22
668,4,Yes,October,No,Tuesday,Yes,2,13.045461999999999,15.49545,82.5455,14.271603,6.37979570854,1096
669,4,Yes,October,No,Wednesday,Yes,2,14.6575,18.055,66.6667,11.166689,4.991814483680001,5566
670,4,Yes,November,No,Thursday,Yes,2,14.999153,18.4971,58.1667,10.542182,4.71264282521,5986
671,4,Yes,November,No,Friday,Yes,1,14.555,17.8021,52.2083,17.833725,7.972161376839999,5847
672,4,Yes,November,No,Saturday,No,2,14.076653,16.1923,49.125,18.125443,8.1025672776,5138
673,4,Yes,November,No,Sunday,No,1,13.359153,16.4769,53.2917,12.000236,5.3644327224,5107
674,4,Yes,November,No,Monday,Yes,1,13.085847,15.40375,49.4167,15.833775,7.07812919088,5259
675,4,Yes,November,No,Tuesday,Yes,1,11.514153,14.07835,56.7083,11.625371000000001,5.19685784533,5686
676,4,Yes,November,No,Wednesday,Yes,2,12.129153,13.73105,54.75,20.375235999999997,9.10828609745,5035
677,4,Yes,November,No,Thursday,Yes,1,14.439134,17.09455,33.3478,23.304945,10.4179459097,5315
678,4,Yes,November,No,Friday,Yes,1,14.828347,17.77065,54.0833,14.375385999999999,6.426189539559999,5992
679,4,Yes,November,No,Saturday,No,1,15.955847,19.69685,64.5417,3.8756686,1.7325295484999998,6536
680,4,Yes,November,No,Sunday,No,1,17.254153,21.08565,65.9167,8.5425,3.8187304425599997,6852
681,4,Yes,November,Yes,Monday,No,1,19.885,23.76915,74.1667,11.625639,5.19697764864,6269
682,4,Yes,November,No,Tuesday,Yes,2,14.076653,16.16125,66.2917,22.917082,10.244560572200001,4094
683,4,Yes,November,No,Wednesday,Yes,1,11.855847,14.07815,55.2083,13.374875,5.978933839959999,5495
684,4,Yes,November,No,Thursday,Yes,2,13.188347,16.2246,62.0417,10.250129,4.5820871703199995,5445
685,4,Yes,November,No,Friday,Yes,1,14.145,17.3602,52.4583,11.458675,5.12234018775,5698
686,4,Yes,November,No,Saturday,No,1,13.325,16.31915,54.5417,12.041843,5.383032185959999,5629
687,4,Yes,November,No,Sunday,No,1,14.0425,16.8873,69.2917,15.250004,6.81716763523,4669
688,4,Yes,November,No,Monday,Yes,2,15.614153,18.78105,62.3333,15.749489,7.0404510505100015,5499
689,4,Yes,November,No,Tuesday,Yes,2,15.340847,19.03335,68.5,5.542575,2.47768216361,5634
690,4,Yes,November,No,Wednesday,Yes,1,14.486653,18.2446,61.375,6.917482000000001,3.09230308449,5146
691,4,Yes,November,Yes,Thursday,No,1,13.94,17.51855,58.0417,3.5423436,1.5835241841799998,2425
692,4,Yes,November,No,Friday,Yes,1,15.101653,18.93895,56.875,9.917407,4.433351363430001,3910
693,4,Yes,November,No,Saturday,No,1,11.411653,12.4371,40.4583,25.250357,11.2875981225,2277
694,4,Yes,November,No,Sunday,No,1,10.079153,12.87915,46.8333,10.0835,4.50759946357,2424
695,4,Yes,November,No,Monday,Yes,1,12.846653,16.9502,53.5417,3.12555,1.39720607957,5087
696,4,Yes,November,No,Tuesday,Yes,2,11.958347,14.0779,78.6667,15.916654000000001,7.11517836388,3959
697,4,Yes,November,No,Wednesday,Yes,1,12.163347,14.4881,50.625,14.125007,6.31426329906,5260
698,4,Yes,November,No,Thursday,Yes,1,11.51567,14.9211,55.5652,7.739974,3.4599794367500003,5323
699,4,Yes,November,No,Friday,Yes,1,12.231653,16.19335,64.9583,3.9175436,1.7512488153799999,5668
700,4,Yes,December,No,Saturday,No,2,12.231653,15.8452,80.6667,4.0001814,1.7881901653999999,5191
701,4,Yes,December,No,Sunday,No,2,14.2475,17.9604,82.3333,8.333393,3.72525391149,4649
702,4,Yes,December,No,Monday,Yes,1,18.5525,22.7898,76.75,5.5422936,2.4775563701400003,6234
703,4,Yes,December,No,Tuesday,Yes,1,19.509153,23.4527,73.375,11.666642999999999,5.21530755476,6606
704,4,Yes,December,No,Wednesday,Yes,1,17.971653,21.4006,48.5,21.709407000000002,9.70469691551,5729
705,4,Yes,December,No,Thursday,Yes,1,10.489153,12.9102,50.875,11.708518,5.2340268216400005,5375
706,4,Yes,December,No,Friday,Yes,2,13.154152999999999,16.0979,76.4167,8.7502,3.91157800626,5008
707,4,Yes,December,No,Saturday,No,2,15.648347,19.4754,91.125,6.792393,3.03638489048,5582
708,4,Yes,December,No,Sunday,No,2,15.750847,19.5073,90.5417,10.584325,4.7314818954,3228
709,4,Yes,December,No,Monday,Yes,2,17.869153,21.77875,92.5,12.750636,5.6998819848,5170
710,4,Yes,December,No,Tuesday,Yes,2,14.486653,16.91815,59.6667,19.834479,8.86655297273,5501
711,4,Yes,December,No,Wednesday,Yes,2,12.1975,14.8669,53.8333,10.916779,4.88009789897,5319
712,4,Yes,December,No,Thursday,Yes,1,12.129153,14.7094,48.5833,11.666642999999999,5.21530755476,5532
713,4,Yes,December,No,Friday,Yes,1,11.548347,14.7096,64.2917,8.792342999999999,3.93041707644,5611
714,4,Yes,December,No,Saturday,No,1,13.290847,16.91915,65.0417,7.12545,3.1852704514999997,5047
715,4,Yes,December,No,Sunday,No,2,14.8625,18.4969,83.875,6.749714,3.0173062136799995,3786
716,4,Yes,December,No,Monday,Yes,2,16.126653,20.075,90.7083,6.5833061,2.9429173446599997,4585
717,4,Yes,December,No,Tuesday,Yes,1,16.844153,20.4854,66.625,14.834067999999998,6.63123290121,5557
718,4,Yes,December,No,Wednesday,Yes,1,13.6325,17.1081,62.5417,12.334164,5.513707644169999,5267
719,4,Yes,December,No,Thursday,Yes,2,13.53,16.76085,66.7917,8.875021,3.9673763969599998,4128
720,1,Yes,December,No,Friday,Yes,2,13.393347,15.08835,55.6667,25.083661,11.2130804649,3623
721,1,Yes,December,No,Saturday,No,1,10.899153,11.80565,44.125,27.292182,12.200349575299999,1749
722,1,Yes,December,No,Sunday,No,1,10.079153,12.97355,51.5417,8.916561,3.9859459097000003,1787
723,1,Yes,December,No,Monday,Yes,2,9.483464,12.945,79.1304,5.1744368,2.31311434958,920
724,1,Yes,December,Yes,Tuesday,No,2,11.943464,14.72325,73.4783,11.304642,5.05348323648,1013
725,1,Yes,December,No,Wednesday,Yes,3,9.976653,11.01665,82.3333,21.208582,9.48081448368,441
726,1,Yes,December,No,Thursday,Yes,2,10.420847,11.3321,65.2917,23.458910999999997,10.4867729101,2114
727,1,Yes,December,No,Friday,Yes,2,10.386652999999999,12.7523,59.0,10.416557000000001,4.65648502459,3095
728,1,Yes,December,No,Saturday,No,2,10.386652999999999,12.12,75.2917,8.333661,3.7253737148000003,1341
729,1,Yes,December,No,Sunday,No,1,10.489153,11.585,48.3333,23.500518,10.5053723737,1796
730,1,Yes,December,No,Monday,Yes,2,8.849153,11.17435,57.75,10.374682,4.6377657577099995,2729
